41001,1976,1977,1978,1979,1980,1981,1982,1983,1984,1985,1986,1987,1988,1989,1990,1991,1992,1993,1994,1995,1996,1997,1998,1999,2000,2001,2002,2003,2004,2005,2006,2007,2008,2010,2011,2012,2013,2015,2016,2017,2019,2020,2021,,,,,,,
41002,1973,1974,1975,1976,1977,1978,1979,1980,1981,1982,1983,1984,1985,1986,1987,1988,1989,1990,1991,1992,1993,1994,1995,1996,1997,1998,1999,2000,2001,2002,2003,2004,2005,2006,2007,2008,2010,2012,2013,2014,2015,2016,2017,2018,2019,2020,2021,,,
41004,1978,1979,1980,1981,1982,1986,1994,1995,1996,1997,1998,1999,2000,2001,2002,2003,2004,2005,2006,2007,2008,2009,2010,2011,2012,2014,2015,2016,2017,2018,2019,2020,2021,,,,,,,,,,,,,,,,,
41008,1988,1989,1990,1991,1992,1997,1998,1999,2000,2001,2002,2003,2004,2005,2006,2007,2008,2009,2010,2011,2012,2013,2014,2015,2016,2017,2018,2019,2020,2021,,,,,,,,,,,,,,,,,,,,
41009,1988,1989,1990,1991,1992,1993,1994,1995,1996,1997,1998,1999,2000,2001,2002,2003,2004,2005,2006,2007,2008,2009,2010,2011,2012,2013,2014,2015,2016,2017,2018,2019,2020,2021,,,,,,,,,,,,,,,,
41010,1988,1989,1990,1991,1992,1993,1994,1995,1996,1997,1998,1999,2000,2001,2002,2003,2004,2005,2006,2007,2008,2009,2010,2011,2012,2013,2014,2015,2016,2017,2018,2019,2020,2021,,,,,,,,,,,,,,,,
41025,2003,2004,2005,2006,2007,2008,2009,2010,2011,2012,2013,2014,2015,2016,2017,2018,2019,2020,2021,,,,,,,,,,,,,,,,,,,,,,,,,,,,,,,
41033,2005,2006,2007,2008,2009,2010,2011,2012,2013,2014,2015,2016,2017,2018,2019,2020,2021,,,,,,,,,,,,,,,,,,,,,,,,,,,,,,,,,
41038,2005,2006,2007,2008,2009,2010,2011,2012,2013,2014,2015,2016,2017,2018,2019,2020,2021,,,,,,,,,,,,,,,,,,,,,,,,,,,,,,,,,
41043,2007,2008,2009,2010,2011,2012,2013,2014,2015,2016,2017,2018,2019,2020,2021,,,,,,,,,,,,,,,,,,,,,,,,,,,,,,,,,,,
41044,2009,2010,2011,2012,2013,2014,2015,2016,2017,2018,2019,2020,2021,,,,,,,,,,,,,,,,,,,,,,,,,,,,,,,,,,,,,
41046,2007,2008,2009,2010,2011,2012,2013,2014,2015,2016,2017,2018,2019,2020,2021,,,,,,,,,,,,,,,,,,,,,,,,,,,,,,,,,,,
41047,2007,2008,2009,2010,2011,2012,2013,2014,2015,2016,2017,2018,2019,2020,2021,,,,,,,,,,,,,,,,,,,,,,,,,,,,,,,,,,,
41048,2007,2008,2009,2010,2011,2012,2013,2014,2015,2016,2017,2018,2019,2020,2021,,,,,,,,,,,,,,,,,,,,,,,,,,,,,,,,,,,
41049,2009,2010,2011,2012,2013,2014,2015,2016,2017,2018,2019,2020,2021,,,,,,,,,,,,,,,,,,,,,,,,,,,,,,,,,,,,,
41052,2011,2012,2013,2014,2015,2016,2017,2018,2019,2020,2021,,,,,,,,,,,,,,,,,,,,,,,,,,,,,,,,,,,,,,,
41053,2010,2011,2012,2013,2014,2015,2016,2017,2018,2019,2020,2021,,,,,,,,,,,,,,,,,,,,,,,,,,,,,,,,,,,,,,
41110,2008,2009,2010,2011,2012,2013,2014,2015,2016,2017,2018,2019,2020,2021,,,,,,,,,,,,,,,,,,,,,,,,,,,,,,,,,,,,
41112,2006,2007,2008,2009,2010,2011,2012,2013,2014,2015,2016,2017,2018,2019,2020,2021,,,,,,,,,,,,,,,,,,,,,,,,,,,,,,,,,,
41113,2006,2007,2008,2009,2010,2011,2012,2013,2014,2015,2016,2017,2018,2019,2020,2021,,,,,,,,,,,,,,,,,,,,,,,,,,,,,,,,,,
41114,2006,2007,2008,2009,2010,2011,2012,2013,2014,2015,2016,2017,2018,2019,2020,2021,,,,,,,,,,,,,,,,,,,,,,,,,,,,,,,,,,
41115,2011,2012,2013,2014,2015,2016,2017,2018,2019,2020,2021,,,,,,,,,,,,,,,,,,,,,,,,,,,,,,,,,,,,,,,
41NT1,2007,2008,2009,2010,2012,2013,2014,2015,2016,2017,2018,2019,2020,2021,,,,,,,,,,,,,,,,,,,,,,,,,,,,,,,,,,,,
42001,1975,1976,1977,1978,1979,1980,1981,1982,1983,1984,1985,1986,1987,1988,1989,1990,1991,1992,1993,1994,1995,1996,1997,1998,1999,2000,2001,2002,2003,2004,2005,2006,2007,2008,2009,2010,2011,2012,2013,2014,2015,2016,2017,2018,2019,2020,2021,,,
42002,1973,1974,1975,1976,1977,1978,1979,1980,1981,1982,1983,1984,1985,1986,1987,1988,1989,1990,1991,1992,1993,1994,1995,1996,1997,1998,1999,2000,2001,2002,2003,2004,2005,2006,2007,2008,2009,2010,2011,2012,2013,2014,2015,2016,2017,2018,2019,2020,2021,
42003,1976,1977,1978,1979,1980,1981,1982,1983,1984,1985,1986,1987,1988,1989,1990,1991,1992,1993,1994,1995,1996,1997,1998,1999,2000,2001,2002,2003,2004,2005,2006,2007,2008,2009,2010,2011,2012,2013,2014,2015,2016,2017,2018,2019,2020,2021,,,,
42007,1981,1982,1983,1984,1985,1986,1987,1988,1989,1990,1991,1992,1993,1994,1995,1996,1997,1998,1999,2000,2001,2002,2003,2004,2005,2006,2007,2008,2009,,,,,,,,,,,,,,,,,,,,,
42012,1983,1984,2009,2010,2011,2012,2013,2014,2015,2016,2017,2018,2019,2020,2021,,,,,,,,,,,,,,,,,,,,,,,,,,,,,,,,,,,
42013,2004,2005,2006,2007,2008,2009,2010,2011,2012,2013,2015,2016,2017,2018,2019,2020,2021,,,,,,,,,,,,,,,,,,,,,,,,,,,,,,,,,
42019,1990,1991,1992,1993,1994,1995,1996,1997,1998,1999,2000,2001,2002,2003,2004,2005,2006,2007,2008,2009,2010,2011,2012,2013,2014,2015,2016,2017,2018,2019,2020,2021,,,,,,,,,,,,,,,,,,
42020,1990,1991,1992,1993,1994,1995,1996,1997,1998,1999,2000,2001,2002,2003,2004,2005,2006,2007,2008,2009,2010,2011,2012,2013,2014,2015,2016,2017,2018,2019,2020,2021,,,,,,,,,,,,,,,,,,
42022,2004,2005,2006,2007,2008,2012,2013,2014,2015,2016,2017,2018,2019,2020,2021,,,,,,,,,,,,,,,,,,,,,,,,,,,,,,,,,,,
42035,1993,1994,1995,1996,1997,1998,1999,2000,2001,2002,2003,2004,2005,2006,2007,2008,2009,2010,2011,2012,2013,2014,2015,2016,2017,2018,2019,2020,2021,,,,,,,,,,,,,,,,,,,,,
42036,1994,1995,1996,1997,1998,1999,2000,2001,2002,2003,2004,2005,2006,2007,2008,2009,2010,2011,2012,2013,2014,2015,2016,2017,2019,2020,2021,,,,,,,,,,,,,,,,,,,,,,,
42039,1995,1996,1997,1998,1999,2000,2001,2002,2003,2004,2005,2006,2007,2008,2009,2010,2011,2012,2013,2014,2015,2016,2017,2018,2019,2020,2021,,,,,,,,,,,,,,,,,,,,,,,
42040,1995,1996,1997,1998,1999,2000,2001,2002,2003,2004,2005,2006,2007,2008,2009,2010,2011,2012,2013,2014,2015,2016,2017,2018,2019,2020,2021,,,,,,,,,,,,,,,,,,,,,,,
42043,2004,2005,2006,2007,2008,2009,2010,2011,2012,2013,2015,2016,2017,2018,2019,2020,2021,,,,,,,,,,,,,,,,,,,,,,,,,,,,,,,,,
42045,2004,2005,2006,2007,2008,2009,2010,2011,2012,2013,2014,2015,2016,2017,2018,2019,2020,2021,,,,,,,,,,,,,,,,,,,,,,,,,,,,,,,,
42055,2005,2006,2007,2008,2009,2010,2011,2012,2013,2014,2015,2016,2017,2018,2019,2020,2021,,,,,,,,,,,,,,,,,,,,,,,,,,,,,,,,,
42056,2005,2006,2007,2008,2009,2010,2011,2012,2013,2014,2015,2016,2017,2018,2019,2020,2021,,,,,,,,,,,,,,,,,,,,,,,,,,,,,,,,,
42057,2005,2006,2007,2008,2009,2010,2011,2012,2013,2014,2015,2016,2017,2018,2019,2020,,,,,,,,,,,,,,,,,,,,,,,,,,,,,,,,,,
42058,2005,2006,2007,2008,2009,2011,2012,2013,2014,2015,2016,2017,2018,2019,2020,2021,,,,,,,,,,,,,,,,,,,,,,,,,,,,,,,,,,
42059,2007,2008,2009,2010,2011,2012,2013,2014,2015,2016,2017,2018,2019,2020,2021,,,,,,,,,,,,,,,,,,,,,,,,,,,,,,,,,,,
42060,2009,2010,2011,2012,2013,2014,2015,2016,2017,2018,2019,2020,2021,,,,,,,,,,,,,,,,,,,,,,,,,,,,,,,,,,,,,
42085,2009,2010,2011,2012,2013,2014,2015,2016,2017,2018,2019,2020,2021,,,,,,,,,,,,,,,,,,,,,,,,,,,,,,,,,,,,,
42099,2007,2008,2009,2010,2011,2012,2013,2014,2015,2016,2017,2018,2019,2020,2021,,,,,,,,,,,,,,,,,,,,,,,,,,,,,,,,,,,
42360,2010,2011,2012,2013,2014,2015,2016,2017,2018,2019,2020,2021,,,,,,,,,,,,,,,,,,,,,,,,,,,,,,,,,,,,,,
44004,1977,1978,1979,1980,1981,1982,1983,1984,1985,1986,1987,1988,1989,1990,1991,1992,1993,1994,1995,1996,1997,1998,1999,2000,2001,2002,2003,2004,2005,2006,2007,2008,,,,,,,,,,,,,,,,,,
44005,1978,1979,1980,1981,1982,1983,1984,1985,1986,1987,1988,1989,1990,1991,1992,1993,1994,1995,1996,1997,1998,1999,2000,2001,2002,2003,2004,2005,2006,2007,2008,2009,2010,2011,2012,2014,2015,2016,2017,2018,2019,2020,2021,,,,,,,
44007,1982,1983,1984,1985,1986,1987,1988,1989,1990,1991,1992,1993,1994,1995,1996,1997,1998,1999,2000,2001,2002,2003,2004,2005,2006,2007,2008,2009,2010,2011,2012,2013,2014,2015,2016,2017,2018,2019,2020,2021,,,,,,,,,,
44008,1982,1983,1984,1985,1986,1987,1988,1989,1990,1991,1992,1993,1994,1995,1996,1997,1998,1999,2000,2001,2002,2003,2004,2005,2006,2007,2008,2009,2010,2011,2012,2013,2015,2016,2017,2018,2019,2020,2021,,,,,,,,,,,
44009,1984,1985,1986,1987,1988,1989,1990,1991,1992,1993,1994,1995,1996,1997,1998,1999,2000,2001,2002,2003,2004,2005,2006,2007,2008,2009,2010,2011,2012,2013,2014,2015,2016,2017,2018,2019,2020,2021,,,,,,,,,,,,
44011,1984,1985,1986,1987,1988,1989,1990,1991,1992,1993,1994,1995,1996,1997,1998,1999,2000,2001,2002,2003,2004,2005,2006,2007,2008,2009,2010,2011,2012,2013,2015,2016,2017,2018,2019,2020,2021,,,,,,,,,,,,,
44013,1984,1985,1986,1987,1988,1989,1990,1991,1992,1993,1994,1995,1996,1997,1998,1999,2000,2001,2002,2003,2004,2005,2006,2007,2008,2009,2010,2011,2012,2013,2014,2015,2016,2017,2018,2019,2020,2021,,,,,,,,,,,,
44014,1990,1991,1992,1993,1994,1995,1996,1997,1998,1999,2000,2001,2002,2003,2004,2005,2006,2007,2008,2009,2010,2011,2012,2013,2014,2015,2016,2017,2018,2019,2020,2021,,,,,,,,,,,,,,,,,,
44017,2002,2003,2004,2005,2006,2007,2008,2009,2010,2011,2013,2014,2015,2016,2017,2018,2019,2020,2021,,,,,,,,,,,,,,,,,,,,,,,,,,,,,,,
44018,2002,2003,2004,2005,2006,2007,2008,2009,2010,2011,2012,2015,2016,2017,2018,2019,2020,2021,,,,,,,,,,,,,,,,,,,,,,,,,,,,,,,,
44020,2009,2010,2011,2012,2013,2014,2015,2016,2017,2018,2019,2020,2021,,,,,,,,,,,,,,,,,,,,,,,,,,,,,,,,,,,,,
44022,2005,2006,2007,2008,2009,2010,2011,2012,2013,2014,2015,2016,2017,2018,2019,2020,2021,,,,,,,,,,,,,,,,,,,,,,,,,,,,,,,,,
44024,2004,2005,2006,2007,2008,2011,2012,2013,2014,2015,2016,2017,2020,2021,,,,,,,,,,,,,,,,,,,,,,,,,,,,,,,,,,,,
44025,1975,1976,1977,1978,1979,1980,1991,1992,1993,1994,1995,1996,1997,1998,1999,2000,2001,2002,2003,2004,2005,2006,2007,2008,2009,2010,2011,2012,2013,2014,2015,2016,2017,2018,2019,2020,2021,,,,,,,,,,,,,
44027,2003,2004,2005,2006,2007,2008,2009,2010,2011,2012,2013,2014,2015,2016,2017,2018,2019,2020,2021,,,,,,,,,,,,,,,,,,,,,,,,,,,,,,,
44029,2004,2005,2006,2007,2008,2011,2012,2013,2014,2015,2016,2017,2018,2019,2020,2021,,,,,,,,,,,,,,,,,,,,,,,,,,,,,,,,,,
44030,2004,2005,2006,2007,2008,2011,2012,2013,2014,2015,2016,2017,2018,2019,2020,2021,,,,,,,,,,,,,,,,,,,,,,,,,,,,,,,,,,
44032,2004,2005,2006,2007,2008,2011,2012,2013,2014,2015,2016,2017,2018,2019,2020,2021,,,,,,,,,,,,,,,,,,,,,,,,,,,,,,,,,,
44033,2004,2005,2006,2007,2008,2011,2012,2013,2014,2015,2016,2017,2018,2019,2020,2021,,,,,,,,,,,,,,,,,,,,,,,,,,,,,,,,,,
44034,2004,2005,2006,2007,2008,2011,2012,2013,2014,2015,2016,2017,2018,2019,2020,2021,,,,,,,,,,,,,,,,,,,,,,,,,,,,,,,,,,
44037,2004,2005,2006,2007,2008,2011,2012,2013,2014,2015,2016,2017,2018,2019,2020,2021,,,,,,,,,,,,,,,,,,,,,,,,,,,,,,,,,,
44040,2004,2005,2006,2007,2008,2009,2010,2011,2012,2013,2014,2015,2017,2018,2019,2020,2021,,,,,,,,,,,,,,,,,,,,,,,,,,,,,,,,,
44041,2007,2008,2009,2010,2011,2012,2013,2014,2015,2016,2017,2018,2019,2021,,,,,,,,,,,,,,,,,,,,,,,,,,,,,,,,,,,,
44042,2007,2008,2009,2010,2011,2012,2013,2014,2015,2016,2017,2018,2019,2020,2021,,,,,,,,,,,,,,,,,,,,,,,,,,,,,,,,,,,
44056,2007,2008,2009,2010,2011,2012,2013,2014,2015,2016,2017,2018,2019,2020,2021,,,,,,,,,,,,,,,,,,,,,,,,,,,,,,,,,,,
44058,2008,2009,2010,2011,2012,2013,2014,2015,2016,2017,2018,2019,2020,2021,,,,,,,,,,,,,,,,,,,,,,,,,,,,,,,,,,,,
44062,2010,2011,2012,2013,2014,2015,2016,2017,2018,2019,2020,2021,,,,,,,,,,,,,,,,,,,,,,,,,,,,,,,,,,,,,,
44063,2010,2011,2012,2013,2014,2015,2016,2017,2018,2019,2020,2021,,,,,,,,,,,,,,,,,,,,,,,,,,,,,,,,,,,,,,
44065,2008,2009,2010,2011,2012,2013,2014,2015,2016,2017,2018,2019,2020,2021,,,,,,,,,,,,,,,,,,,,,,,,,,,,,,,,,,,,
44066,2009,2010,2011,2012,2013,2014,2015,2016,2017,2018,2019,2020,2021,,,,,,,,,,,,,,,,,,,,,,,,,,,,,,,,,,,,,
44095,2012,2013,2014,2015,2016,2017,2018,2019,2020,2021,,,,,,,,,,,,,,,,,,,,,,,,,,,,,,,,,,,,,,,,
44097,2009,2010,2011,2012,2013,2014,2015,2016,2017,2018,2019,2020,2021,,,,,,,,,,,,,,,,,,,,,,,,,,,,,,,,,,,,,
44098,2008,2009,2010,2011,2012,2013,2014,2015,2016,2017,2018,2019,2020,2021,,,,,,,,,,,,,,,,,,,,,,,,,,,,,,,,,,,,
44099,2008,2009,2010,2011,2012,2013,2014,2015,2016,2017,2018,2019,2020,2021,,,,,,,,,,,,,,,,,,,,,,,,,,,,,,,,,,,,
44100,2008,2009,2010,2011,2012,2013,2014,2015,2016,2017,2018,2019,2020,2021,,,,,,,,,,,,,,,,,,,,,,,,,,,,,,,,,,,,
45001,1979,1980,1981,1982,1983,1984,1985,1986,1987,1988,1989,1990,1991,1992,1993,1994,1995,1996,1997,1998,1999,2000,2001,2002,2003,2004,2005,2006,2007,2008,2009,2010,2011,2012,2013,2014,2015,2016,2017,2018,2019,2020,2021,,,,,,,
45002,1979,1980,1981,1982,1983,1984,1985,1986,1987,1988,1989,1990,1991,1992,1993,1994,1995,1996,1997,1998,1999,2000,2001,2002,2003,2004,2005,2006,2007,2008,2009,2010,2011,2012,2013,2014,2015,2016,2017,2018,2019,2020,2021,,,,,,,
45003,1980,1981,1982,1983,1984,1985,1986,1987,1988,1989,1990,1991,1992,1993,1994,1995,1996,1997,1998,1999,2000,2001,2002,2003,2004,2005,2006,2007,2008,2009,2010,2011,2012,2013,2014,2015,2016,2017,2018,2019,2020,2021,,,,,,,,
45004,1980,1981,1982,1983,1984,1985,1986,1987,1988,1989,1990,1991,1992,1993,1994,1995,1996,1997,1998,1999,2000,2001,2002,2003,2004,2005,2006,2007,2008,2009,2010,2011,2012,2013,2014,2015,2016,2017,2018,2019,2020,2021,,,,,,,,
45005,1980,1981,1982,1983,1984,1985,1986,1987,1988,1989,1990,1991,1992,1993,1994,1995,1996,1997,1998,1999,2000,2001,2002,2003,2004,2005,2006,2007,2008,2009,2010,2011,2012,2013,2014,2015,2016,2017,2018,2019,2020,2021,,,,,,,,
45006,1981,1982,1983,1984,1985,1986,1987,1988,1989,1990,1991,1992,1993,1994,1995,1996,1997,1998,1999,2000,2001,2002,2003,2004,2005,2006,2007,2008,2009,2010,2011,2012,2013,2014,2015,2016,2017,2018,2019,2020,2021,,,,,,,,,
45007,1981,1982,1983,1984,1985,1986,1987,1988,1989,1990,1991,1992,1993,1994,1995,1996,1997,1998,1999,2000,2001,2002,2003,2004,2005,2006,2007,2008,2009,2010,2011,2012,2013,2014,2015,2016,2017,2018,2019,2020,2021,,,,,,,,,
45008,1981,1982,1983,1984,1985,1986,1987,1988,1989,1990,1991,1992,1993,1994,1995,1996,1997,1998,1999,2000,2001,2002,2003,2004,2005,2006,2007,2008,2009,2010,2011,2012,2013,2014,2015,2016,2017,2018,2019,2020,2021,,,,,,,,,
45012,2002,2003,2004,2005,2006,2007,2008,2009,2010,2011,2012,2013,2014,2015,2016,2017,2018,2019,2020,2021,,,,,,,,,,,,,,,,,,,,,,,,,,,,,,
45013,2012,2013,2014,2015,2016,2017,2018,2019,2020,2021,,,,,,,,,,,,,,,,,,,,,,,,,,,,,,,,,,,,,,,,
45014,2012,2013,2014,2015,2016,2017,2018,2019,2020,2021,,,,,,,,,,,,,,,,,,,,,,,,,,,,,,,,,,,,,,,,
45022,2010,2011,2012,2013,2014,2015,2016,2017,2018,2019,2021,,,,,,,,,,,,,,,,,,,,,,,,,,,,,,,,,,,,,,,
45023,2010,2011,2012,2013,2014,2015,2016,2017,2018,2019,2020,2021,,,,,,,,,,,,,,,,,,,,,,,,,,,,,,,,,,,,,,
45024,2012,2013,2014,2015,2016,2017,2018,2019,2020,2021,,,,,,,,,,,,,,,,,,,,,,,,,,,,,,,,,,,,,,,,
45025,2011,2012,2013,2014,2015,2016,2017,2018,2019,2020,2021,,,,,,,,,,,,,,,,,,,,,,,,,,,,,,,,,,,,,,,
45026,2011,2012,2013,2014,2015,2016,2017,2018,2019,2020,2021,,,,,,,,,,,,,,,,,,,,,,,,,,,,,,,,,,,,,,,
45027,2011,2012,2013,2014,2015,2016,2017,2018,2019,2020,2021,,,,,,,,,,,,,,,,,,,,,,,,,,,,,,,,,,,,,,,
45028,2011,2012,2013,2014,2015,2016,2017,2018,2019,2020,2021,,,,,,,,,,,,,,,,,,,,,,,,,,,,,,,,,,,,,,,
46001,1972,1973,1974,1975,1976,1977,1978,1979,1980,1981,1982,1983,1984,1985,1986,1987,1988,1989,1990,1991,1992,1993,1994,1995,1996,1997,1998,1999,2000,2001,2002,2003,2004,2005,2006,2007,2008,2009,2010,2011,2012,2013,2014,2015,2016,2017,2018,2019,2020,2021
46002,1975,1976,1977,1978,1979,1980,1981,1982,1983,1984,1985,1986,1987,1988,1989,1990,1991,1992,1993,1994,1995,1996,1997,1998,2000,2001,2002,2003,2004,2005,2006,2007,2008,2009,2011,2012,2013,2014,2015,2016,2017,2018,2019,2020,2021,,,,,
46005,1976,1977,1978,1979,1980,1981,1982,1983,1984,1985,1986,1987,1988,1989,1990,1991,1992,1993,1994,1995,1996,1997,1998,1999,2000,2001,2002,2003,2004,2006,2007,2008,2010,2011,2012,2014,2015,2016,2017,2018,2019,2020,2021,,,,,,,
46006,1977,1978,1979,1980,1981,1982,1983,1984,1985,1986,1987,1988,1989,1990,1991,1992,1993,1994,1995,1996,1997,1998,1999,2000,2001,2002,2003,2004,2005,2006,2007,2008,2009,2010,2011,2012,2013,2016,2017,2018,2019,2020,2021,,,,,,,
46011,1980,1981,1982,1983,1984,1985,1986,1987,1988,1989,1990,1991,1992,1994,1995,1996,1997,1998,1999,2000,2001,2002,2003,2004,2005,2006,2007,2008,2009,2010,2011,2012,2013,2014,2015,2016,2017,2018,2019,2020,2021,,,,,,,,,
46012,1980,1981,1982,1983,1984,1985,1986,1987,1988,1989,1990,1991,1992,1993,1994,1995,1996,1997,1998,1999,2000,2001,2002,2003,2004,2005,2006,2007,2008,2009,2010,2011,2012,2013,2014,2015,2016,2017,2018,2019,2020,2021,,,,,,,,
46013,1981,1982,1983,1984,1985,1986,1987,1988,1989,1990,1991,1992,1993,1994,1995,1996,1997,1998,1999,2000,2001,2002,2003,2004,2005,2006,2007,2008,2009,2010,2011,2012,2013,2014,2015,2016,2017,2018,2019,2020,2021,,,,,,,,,
46014,1981,1982,1983,1984,1985,1986,1987,1988,1989,1990,1991,1992,1993,1994,1995,1996,1997,1998,1999,2000,2001,2002,2003,2004,2005,2006,2007,2008,2009,2010,2011,2012,2013,2014,2015,2016,2017,2018,2019,2020,2021,,,,,,,,,
46015,2002,2003,2004,2005,2006,2007,2008,2009,2010,2011,2012,2013,2014,2015,2016,2017,2018,2019,2020,2021,,,,,,,,,,,,,,,,,,,,,,,,,,,,,,
46022,1982,1983,1984,1985,1986,1987,1988,1989,1990,1991,1992,1993,1994,1995,1996,1997,1998,1999,2000,2001,2002,2003,2004,2005,2006,2007,2008,2009,2010,2011,2012,2013,2014,2015,2016,2017,2018,2019,2020,2021,,,,,,,,,,
46023,1982,1983,1984,1985,1986,1987,1988,1989,1990,1991,1992,1993,1994,1995,1996,1997,1998,1999,2000,2001,2002,2003,2004,2005,2006,2007,2008,2009,2010,2012,2015,2016,,,,,,,,,,,,,,,,,,
46025,1982,1983,1984,1985,1986,1987,1988,1989,1990,1991,1992,1993,1994,1995,1996,1997,1998,1999,2000,2001,2002,2003,2004,2005,2006,2007,2008,2009,2010,2011,2012,2013,2014,2015,2016,2017,2018,2019,2020,2021,,,,,,,,,,
46026,1982,1983,1984,1985,1986,1987,1988,1989,1990,1991,1992,1993,1994,1995,1996,1997,1998,1999,2000,2001,2002,2003,2004,2005,2006,2007,2008,2009,2010,2011,2012,2013,2014,2015,2016,2017,2018,2019,2020,2021,,,,,,,,,,
46027,1983,1984,1985,1986,1987,1988,1989,1990,1991,1992,1993,1994,1995,1996,1997,1998,1999,2000,2001,2002,2003,2004,2005,2006,2007,2008,2009,2010,2011,2012,2013,2014,2015,2016,2017,2018,2019,2020,2021,,,,,,,,,,,
46028,1983,1984,1985,1986,1987,1988,1989,1990,1991,1992,1993,1994,1995,1996,1997,1998,1999,2000,2001,2002,2003,2004,2005,2006,2007,2008,2009,2010,2011,2012,2013,2014,2015,2016,2017,2018,2019,2020,2021,,,,,,,,,,,
46029,1984,1985,1986,1987,1991,1992,1993,1994,1995,1996,1997,1998,1999,2000,2001,2002,2003,2004,2005,2006,2007,2008,2009,2010,2011,2012,2013,2014,2015,2016,2017,2018,2019,2020,2021,,,,,,,,,,,,,,,
46030,1984,1985,1986,1988,1989,1990,1991,1992,1993,1994,1995,1996,1997,1998,1999,2000,2001,2002,,,,,,,,,,,,,,,,,,,,,,,,,,,,,,,,
46035,1985,1986,1987,1988,1989,1990,1991,1992,1993,1994,1995,1996,1997,1998,1999,2000,2001,2002,2003,2004,2005,2006,2007,2008,2009,2010,2011,2012,2014,2015,2016,2017,2018,2019,2020,2021,,,,,,,,,,,,,,
46041,1987,1988,1989,1990,1991,1992,1993,1994,1995,1996,1997,1998,1999,2000,2001,2002,2003,2004,2005,2006,2007,2008,2009,2010,2011,2012,2013,2014,2015,2016,2017,2018,2019,2020,2021,,,,,,,,,,,,,,,
46042,1987,1988,1989,1990,1991,1992,1993,1994,1995,1996,1997,1998,1999,2000,2001,2002,2003,2004,2005,2006,2007,2008,2009,2010,2011,2012,2013,2014,2015,2016,2017,2018,2019,2020,2021,,,,,,,,,,,,,,,
46047,1991,1992,1993,1999,2000,2001,2002,2003,2004,2005,2006,2007,2008,2009,2010,2011,2012,2013,2014,2015,2016,2017,2018,2019,2020,2021,,,,,,,,,,,,,,,,,,,,,,,,
46050,1991,1992,1993,1994,1995,1996,1997,1998,1999,2000,2001,2002,2003,2004,2005,2006,2007,2008,2009,2010,2011,2012,2013,2014,2015,2016,2017,2018,2019,2020,2021,,,,,,,,,,,,,,,,,,,
46053,1994,1995,1996,1998,1999,2000,2001,2002,2003,2004,2005,2006,2007,2008,2009,2010,2011,2012,2013,2014,2015,2016,2017,2018,2019,2020,2021,,,,,,,,,,,,,,,,,,,,,,,
46054,1994,1995,1996,1997,1998,1999,2000,2001,2002,2003,2004,2005,2006,2007,2008,2009,2010,2011,2012,2013,2014,2015,2016,2017,2018,2019,2020,2021,,,,,,,,,,,,,,,,,,,,,,
46059,1994,1995,1996,1997,1998,1999,2000,2001,2002,2003,2004,2005,2006,2007,2008,2009,2010,2011,2012,2015,2016,2017,2018,2019,2020,2021,,,,,,,,,,,,,,,,,,,,,,,,
46060,1995,1996,1997,1998,1999,2000,2001,2002,2003,2004,2005,2006,2007,2008,2009,2010,2011,2012,2013,2014,2015,2016,2017,2018,2019,2020,2021,,,,,,,,,,,,,,,,,,,,,,,
46061,1995,1996,1997,1998,1999,2000,2001,2002,2003,2004,2005,2006,2007,2008,2009,2010,2011,2012,2013,2014,2015,2016,2017,2018,2019,2020,2021,,,,,,,,,,,,,,,,,,,,,,,
46066,2000,2001,2002,2003,2004,2005,2006,2007,2008,2009,2010,2011,2013,2014,2015,2016,2017,2018,2019,2020,2021,,,,,,,,,,,,,,,,,,,,,,,,,,,,,
46069,2003,2004,2005,2006,2007,2008,2009,2010,2011,2012,2013,2014,2015,2016,2017,2018,2019,2020,2021,,,,,,,,,,,,,,,,,,,,,,,,,,,,,,,
46070,2006,2007,2008,2009,2011,2012,2013,2014,2015,2016,2017,2019,2020,2021,,,,,,,,,,,,,,,,,,,,,,,,,,,,,,,,,,,,
46071,2004,2005,2006,2007,2008,2009,2012,2016,2017,2019,2020,2021,,,,,,,,,,,,,,,,,,,,,,,,,,,,,,,,,,,,,,
46072,2002,2003,2004,2005,2006,2007,2008,2009,2010,2011,2012,2013,2014,2015,2016,2018,2019,2020,2021,,,,,,,,,,,,,,,,,,,,,,,,,,,,,,,
46073,2005,2006,2007,2008,2009,2010,2011,2014,2015,2016,2017,2018,2019,2020,2021,,,,,,,,,,,,,,,,,,,,,,,,,,,,,,,,,,,
46075,2004,2005,2006,2007,2008,2009,2010,2011,2012,2013,2014,2015,2016,2017,2018,2019,2020,2021,,,,,,,,,,,,,,,,,,,,,,,,,,,,,,,,
46076,2005,2006,2007,2008,2009,2010,2011,2012,2013,2014,2015,2016,2017,2018,2019,2020,2021,,,,,,,,,,,,,,,,,,,,,,,,,,,,,,,,,
46077,2005,2006,2007,2008,2009,2010,2011,2012,2013,2014,2017,2018,2019,2020,2021,,,,,,,,,,,,,,,,,,,,,,,,,,,,,,,,,,,
46078,2004,2005,2006,2007,2008,2009,2010,2011,2012,2013,2014,2015,2016,2017,2018,2019,2020,2021,,,,,,,,,,,,,,,,,,,,,,,,,,,,,,,,
46080,2002,2003,2004,2005,2006,2007,2008,2009,2010,2011,2012,2014,2015,2016,2017,2018,2019,2020,2021,,,,,,,,,,,,,,,,,,,,,,,,,,,,,,,
46081,2003,2004,2005,2006,2007,2008,2009,2010,2011,2012,2013,2014,2015,2016,2017,2018,2019,2020,2021,,,,,,,,,,,,,,,,,,,,,,,,,,,,,,,
46082,2002,2003,2004,2005,2006,2007,2008,2009,2010,2011,2012,2013,2014,2015,2016,2017,2018,2019,2020,2021,,,,,,,,,,,,,,,,,,,,,,,,,,,,,,
46083,2001,2002,2003,2004,2005,2006,2007,2008,2009,2010,2011,2012,2013,2015,2016,2017,2018,2019,2020,2021,,,,,,,,,,,,,,,,,,,,,,,,,,,,,,
46084,2002,2003,2004,2005,2006,2007,2008,2010,2011,2012,2013,2014,2015,2016,2017,2018,2019,2020,2021,,,,,,,,,,,,,,,,,,,,,,,,,,,,,,,
46085,2007,2008,2009,2010,2011,2012,2014,2015,2016,2017,2018,2019,2020,2021,,,,,,,,,,,,,,,,,,,,,,,,,,,,,,,,,,,,
46086,2003,2004,2005,2006,2007,2008,2009,2010,2011,2012,2013,2014,2015,2016,2017,2018,2019,2020,2021,,,,,,,,,,,,,,,,,,,,,,,,,,,,,,,
46087,2004,2005,2006,2007,2008,2009,2011,2012,2013,2014,2015,2016,2017,2018,2019,2020,,,,,,,,,,,,,,,,,,,,,,,,,,,,,,,,,,
46088,2004,2005,2006,2007,2008,2009,2010,2011,2012,2013,2014,2015,2016,2017,2018,2019,2020,2021,,,,,,,,,,,,,,,,,,,,,,,,,,,,,,,,
46089,2004,2005,2006,2007,2008,2009,2010,2011,2012,2013,2014,2015,2016,2017,2018,2019,2020,2021,,,,,,,,,,,,,,,,,,,,,,,,,,,,,,,,
46092,2005,2006,2007,2008,2009,2010,2011,2012,2013,2014,2015,2016,2017,2018,2019,2020,2021,,,,,,,,,,,,,,,,,,,,,,,,,,,,,,,,,
46108,2011,2012,2013,2015,2016,2017,2018,2019,2020,2021,,,,,,,,,,,,,,,,,,,,,,,,,,,,,,,,,,,,,,,,
46114,2011,2012,2013,2014,2015,2016,2017,2018,2019,2020,2021,,,,,,,,,,,,,,,,,,,,,,,,,,,,,,,,,,,,,,,
46211,2004,2005,2006,2007,2008,2009,2010,2011,2012,2013,2014,2015,2016,2017,2018,2019,2020,2021,,,,,,,,,,,,,,,,,,,,,,,,,,,,,,,,
46213,2004,2005,2006,2007,2008,2009,2010,2011,2012,2013,2014,2015,2016,2017,2018,2019,2020,2021,,,,,,,,,,,,,,,,,,,,,,,,,,,,,,,,
46214,2004,2005,2006,2007,2008,2009,2010,2011,2012,2013,2014,2015,2016,2017,2018,2019,2020,2021,,,,,,,,,,,,,,,,,,,,,,,,,,,,,,,,
46215,2004,2005,2006,2007,2008,2009,2010,2011,2012,2013,2014,2015,2016,2017,2018,2019,2020,2021,,,,,,,,,,,,,,,,,,,,,,,,,,,,,,,,
46218,2004,2005,2006,2007,2008,2009,2010,2011,2012,2013,2014,2015,2016,2017,2018,2019,2020,2021,,,,,,,,,,,,,,,,,,,,,,,,,,,,,,,,
46219,2004,2005,2006,2007,2010,2011,2012,2013,2014,2015,2016,2017,2018,2019,2020,2021,,,,,,,,,,,,,,,,,,,,,,,,,,,,,,,,,,
46221,2004,2005,2006,2007,2008,2009,2010,2011,2012,2013,2014,2015,2016,2017,2018,2019,2020,2021,,,,,,,,,,,,,,,,,,,,,,,,,,,,,,,,
46222,2004,2005,2006,2007,2008,2009,2010,2011,2012,2013,2014,2015,2016,2017,2018,2019,2020,2021,,,,,,,,,,,,,,,,,,,,,,,,,,,,,,,,
46225,2004,2005,2006,2007,2008,2009,2010,2011,2012,2013,2014,2015,2016,2017,2018,2019,2020,2021,,,,,,,,,,,,,,,,,,,,,,,,,,,,,,,,
46229,2005,2006,2007,2008,2009,2010,2011,2012,2013,2014,2015,2016,2017,2018,2019,2020,2021,,,,,,,,,,,,,,,,,,,,,,,,,,,,,,,,,
46232,2006,2007,2008,2009,2010,2011,2012,2013,2014,2015,2016,2017,2018,2019,2020,2021,,,,,,,,,,,,,,,,,,,,,,,,,,,,,,,,,,
46239,2008,2009,2010,2011,2012,2013,2014,2015,2016,2017,2018,2019,2020,2021,,,,,,,,,,,,,,,,,,,,,,,,,,,,,,,,,,,,
46240,2009,2010,2011,2012,2013,2014,2015,2016,2017,2018,2019,2020,2021,,,,,,,,,,,,,,,,,,,,,,,,,,,,,,,,,,,,,
46243,2009,2010,2011,2012,2013,2014,2015,2016,2017,2018,2019,2020,2021,,,,,,,,,,,,,,,,,,,,,,,,,,,,,,,,,,,,,
46244,2010,2011,2012,2013,2014,2015,2016,2017,2018,2019,2020,2021,,,,,,,,,,,,,,,,,,,,,,,,,,,,,,,,,,,,,,
46248,2011,2012,2013,2014,2015,2016,2017,2018,2019,2020,2021,,,,,,,,,,,,,,,,,,,,,,,,,,,,,,,,,,,,,,,
51000,2009,2010,2011,2012,2013,2014,2015,2016,2017,2018,2019,2020,2021,,,,,,,,,,,,,,,,,,,,,,,,,,,,,,,,,,,,,
51001,1981,1982,1983,1984,1985,1986,1987,1988,1989,1990,1991,1992,1993,1994,1995,1996,1997,1998,1999,2000,2001,2002,2003,2004,2005,2006,2007,2008,2009,2015,2016,2017,2018,2019,2020,2021,,,,,,,,,,,,,,
51002,1984,1985,1986,1987,1988,1989,1990,1991,1992,1993,1994,1995,1996,1997,1998,1999,2000,2001,2002,2003,2004,2005,2006,2007,2008,2009,2010,2011,2012,2013,2015,2016,2017,2018,2019,2020,2021,,,,,,,,,,,,,
51003,1984,1985,1986,1987,1988,1989,1990,1991,1992,1993,1994,1995,1996,1997,1998,1999,2000,2001,2002,2003,2004,2005,2006,2007,2008,2009,2010,2011,2012,2013,2014,2015,2016,2017,2018,2019,2020,2021,,,,,,,,,,,,
51004,1984,1985,1986,1987,1988,1989,1990,1991,1992,1993,1994,1995,1996,1997,1998,1999,2000,2001,2002,2003,2004,2005,2006,2007,2008,2009,2011,2012,2013,2014,2015,2016,2017,2018,2019,2020,2021,,,,,,,,,,,,,
51101,2008,2009,2010,2011,2012,2013,2014,2015,2016,2017,2018,2019,2020,2021,,,,,,,,,,,,,,,,,,,,,,,,,,,,,,,,,,,,
51201,2004,2005,2006,2007,2008,2009,2010,2011,2012,2013,2014,2015,2016,2017,2018,2019,2020,2021,,,,,,,,,,,,,,,,,,,,,,,,,,,,,,,,
51202,2004,2005,2006,2007,2008,2009,2010,2011,2012,2013,2014,2015,2016,2017,2018,2019,2020,2021,,,,,,,,,,,,,,,,,,,,,,,,,,,,,,,,
51205,2011,2012,2013,2014,2015,2016,2017,2018,2019,2020,2021,,,,,,,,,,,,,,,,,,,,,,,,,,,,,,,,,,,,,,,
51WH1,2008,2009,2010,2011,2012,2013,2014,2015,2016,2017,2018,2019,2020,2021,,,,,,,,,,,,,,,,,,,,,,,,,,,,,,,,,,,,
52200,2004,2005,2006,2007,2008,2009,2010,2011,2012,2013,2014,2015,2016,2017,2018,2019,2020,2021,,,,,,,,,,,,,,,,,,,,,,,,,,,,,,,,
52201,2010,2011,2012,2013,2014,2015,2016,2017,2018,2019,2020,2021,,,,,,,,,,,,,,,,,,,,,,,,,,,,,,,,,,,,,,
AAMC1,2005,2006,2007,2008,2009,2010,2011,2012,2013,2014,2015,2016,2017,2018,2019,2020,2021,,,,,,,,,,,,,,,,,,,,,,,,,,,,,,,,,
ACYN4,2004,2005,2006,2007,2008,2009,2010,2011,2012,2013,2014,2015,2016,2017,2018,2019,2020,2021,,,,,,,,,,,,,,,,,,,,,,,,,,,,,,,,
ADKA2,2005,2006,2007,2008,2009,2010,2011,2012,2013,2014,2015,2016,2017,2018,2019,2020,2021,,,,,,,,,,,,,,,,,,,,,,,,,,,,,,,,,
ALIA2,2008,2009,2010,2011,2012,2013,2014,2015,2016,2017,2018,2019,2020,2021,,,,,,,,,,,,,,,,,,,,,,,,,,,,,,,,,,,,
ALSN6,1984,1985,1986,1987,1988,1989,1990,1991,1992,1993,1994,1995,1996,1997,1998,1999,2000,2001,2002,2003,2004,2005,2006,2007,2008,,,,,,,,,,,,,,,,,,,,,,,,,
ALXN6,2008,2009,2010,2011,2012,2013,2014,2015,2016,2017,2018,2019,2020,2021,,,,,,,,,,,,,,,,,,,,,,,,,,,,,,,,,,,,
AMAA2,2003,2004,2005,2006,2007,2008,2009,2010,2011,2012,2013,2014,2015,2016,2017,2018,2019,2020,2021,,,,,,,,,,,,,,,,,,,,,,,,,,,,,,,
AMRL1,2008,2009,2010,2011,2012,2013,2014,2015,2016,2017,2018,2019,2020,2021,,,,,,,,,,,,,,,,,,,,,,,,,,,,,,,,,,,,
ANTA2,2005,2006,2007,2008,2009,2010,2011,2012,2013,2014,2015,2016,2017,2018,2019,2020,2021,,,,,,,,,,,,,,,,,,,,,,,,,,,,,,,,,
ANVC1,2005,2006,2007,2008,2009,2010,2011,2012,2013,2014,2015,2016,2017,2018,2019,2020,2021,,,,,,,,,,,,,,,,,,,,,,,,,,,,,,,,,
APAM2,2010,2011,2012,2013,2014,2015,2016,2017,2018,2019,2020,2021,,,,,,,,,,,,,,,,,,,,,,,,,,,,,,,,,,,,,,
APCF1,2005,2006,2007,2008,2009,2010,2011,2012,2013,2014,2015,2016,2017,2018,2019,2020,2021,,,,,,,,,,,,,,,,,,,,,,,,,,,,,,,,,
APNM4,2005,2006,2007,2008,2009,2010,2011,2012,2013,2014,2015,2016,2017,2018,2019,2020,2021,,,,,,,,,,,,,,,,,,,,,,,,,,,,,,,,,
APRP7,2008,2009,2010,2011,2013,2014,2015,2016,2017,2018,2019,2020,2021,,,,,,,,,,,,,,,,,,,,,,,,,,,,,,,,,,,,,
AROP4,2010,2011,2012,2013,2014,2015,2016,2017,2018,2019,2020,2021,,,,,,,,,,,,,,,,,,,,,,,,,,,,,,,,,,,,,,
ARPF1,2004,2005,2006,2007,2008,2009,2010,2011,2012,2013,2014,2015,2016,2017,2018,2019,2020,2021,,,,,,,,,,,,,,,,,,,,,,,,,,,,,,,,
ASTO3,2005,2006,2007,2008,2009,2010,2011,2012,2013,2014,2015,2016,2017,2018,2019,2020,2021,,,,,,,,,,,,,,,,,,,,,,,,,,,,,,,,,
ATGM1,2009,2010,2011,2012,2013,2014,2015,2016,2017,2018,2019,2020,2021,,,,,,,,,,,,,,,,,,,,,,,,,,,,,,,,,,,,,
ATKA2,2008,2009,2010,2011,2012,2013,2014,2015,2016,2017,2018,2019,2020,2021,,,,,,,,,,,,,,,,,,,,,,,,,,,,,,,,,,,,
AUGA2,1999,2000,2001,2002,2003,2004,2005,2006,2007,2008,2009,2010,2011,2012,2013,2014,2015,2016,2017,2018,2019,2020,2021,,,,,,,,,,,,,,,,,,,,,,,,,,,
BABT2,2004,2005,2007,2008,2009,2010,2011,2012,2013,2014,2015,2016,2017,2018,2019,2020,2021,,,,,,,,,,,,,,,,,,,,,,,,,,,,,,,,,
BARA9,2011,2012,2013,2014,2015,2016,2017,2018,2019,2020,2021,,,,,,,,,,,,,,,,,,,,,,,,,,,,,,,,,,,,,,,
BATN6,2004,2005,2006,2007,2008,2009,2010,2011,2012,2013,2014,2015,2016,2017,2018,2019,2020,2021,,,,,,,,,,,,,,,,,,,,,,,,,,,,,,,,
BDRN4,2006,2007,2008,2009,2010,2011,2012,2013,2014,2015,2016,2017,2018,2019,2020,2021,,,,,,,,,,,,,,,,,,,,,,,,,,,,,,,,,,
BFTN7,2005,2006,2007,2008,2009,2010,2011,2012,2013,2014,2015,2016,2017,2018,2019,2020,2021,,,,,,,,,,,,,,,,,,,,,,,,,,,,,,,,,
BGCF1,2005,2006,2007,2008,2009,2010,2011,2012,2013,2014,2015,2016,2018,2019,2020,2021,,,,,,,,,,,,,,,,,,,,,,,,,,,,,,,,,,
BGNN6,2004,2005,2006,2007,2008,2009,2010,2011,2012,2013,2014,2015,2016,2017,2018,2019,2020,2021,,,,,,,,,,,,,,,,,,,,,,,,,,,,,,,,
BHBM3,2005,2006,2007,2008,2009,2010,2011,2012,2013,2014,2015,2016,2017,2018,2019,2020,2021,,,,,,,,,,,,,,,,,,,,,,,,,,,,,,,,,
BHRI3,2006,2007,2008,2009,2010,2011,2012,2013,2014,2015,2016,2017,2018,2019,2020,2021,,,,,,,,,,,,,,,,,,,,,,,,,,,,,,,,,,
BIGM4,2007,2008,2009,2010,2011,2012,2013,2014,2015,2016,2017,2018,2019,2020,2021,,,,,,,,,,,,,,,,,,,,,,,,,,,,,,,,,,,
BISM2,2006,2007,2008,2009,2010,2011,2012,2013,2014,2015,2016,2017,2018,2019,2020,2021,,,,,,,,,,,,,,,,,,,,,,,,,,,,,,,,,,
BLIA2,1995,1996,1997,1998,1999,2000,2001,2002,2003,2004,2005,2006,2007,2008,2009,2010,2011,2012,2013,2014,2015,2016,2017,2018,2019,2020,2021,,,,,,,,,,,,,,,,,,,,,,,
BLTA2,2007,2008,2009,2010,2011,2012,2013,2014,2017,2018,2019,2020,2021,,,,,,,,,,,,,,,,,,,,,,,,,,,,,,,,,,,,,
BLTM2,2005,2006,2007,2008,2009,2010,2011,2012,2013,2014,2015,2016,2017,2018,2019,2020,2021,,,,,,,,,,,,,,,,,,,,,,,,,,,,,,,,,
BLTM3,2004,2005,2006,2007,2008,2009,2010,2011,2012,2013,2014,2015,2016,2017,2018,2019,2020,2021,,,,,,,,,,,,,,,,,,,,,,,,,,,,,,,,
BRHC3,2004,2005,2006,2007,2008,2009,2010,2011,2012,2013,2014,2015,2016,2017,2018,2019,2020,2021,,,,,,,,,,,,,,,,,,,,,,,,,,,,,,,,
BRND1,2006,2007,2008,2009,2010,2011,2012,2015,2016,2017,2018,2019,2020,2021,,,,,,,,,,,,,,,,,,,,,,,,,,,,,,,,,,,,
BSBM4,2006,2007,2008,2009,2010,2011,2012,2013,2014,2015,2016,2017,2018,2019,2020,2021,,,,,,,,,,,,,,,,,,,,,,,,,,,,,,,,,,
BSCA1,2011,2012,2013,2014,2015,2016,2017,2018,2019,2020,2021,,,,,,,,,,,,,,,,,,,,,,,,,,,,,,,,,,,,,,,
BUFN6,2004,2005,2006,2007,2008,2009,2010,2011,2012,2013,2014,2015,2016,2017,2018,2019,2020,2021,,,,,,,,,,,,,,,,,,,,,,,,,,,,,,,,
BURL1,1984,1985,1986,1987,1988,1989,1990,1991,1992,1993,1994,1995,1996,1997,1998,1999,2000,2001,2002,2003,2004,2005,2006,2007,2009,2010,2011,2012,2013,2014,2015,2016,2017,2018,2019,2020,2021,,,,,,,,,,,,,
BUZM3,1985,1986,1987,1988,1989,1990,1991,1992,1993,1994,1997,1998,1999,2000,2001,2002,2003,2004,2005,2006,2007,2008,2009,2010,2011,2012,2013,2014,2015,2016,2017,2018,2019,2020,2021,,,,,,,,,,,,,,,
BYGL1,2005,2006,2007,2008,2009,2010,2011,2012,2013,2014,2015,2016,2017,2018,2019,2020,2021,,,,,,,,,,,,,,,,,,,,,,,,,,,,,,,,,
BZBM3,2004,2005,2006,2007,2008,2009,2010,2011,2012,2013,2014,2015,2016,2017,2018,2019,2020,2021,,,,,,,,,,,,,,,,,,,,,,,,,,,,,,,,
CAMM2,2005,2006,2007,2008,2009,2010,2011,2012,2013,2014,2015,2016,2017,2018,2019,2020,2021,,,,,,,,,,,,,,,,,,,,,,,,,,,,,,,,,
CAPL1,2005,2007,2008,2009,2010,2011,2012,2013,2014,2015,2016,2017,2018,2019,2020,2021,,,,,,,,,,,,,,,,,,,,,,,,,,,,,,,,,,
CARO3,1985,1986,1987,1988,1989,1990,1991,1992,1993,1994,1995,1996,1997,1998,1999,2000,2001,2002,2003,2004,2005,2006,2007,2008,2009,2010,2011,2012,,,,,,,,,,,,,,,,,,,,,,
CASM1,2004,2005,2006,2007,2008,2009,2010,2011,2012,2013,2014,2015,2016,2017,2018,2019,2020,2021,,,,,,,,,,,,,,,,,,,,,,,,,,,,,,,,
CBRW3,2008,2009,2010,2011,2012,2013,2014,2015,2016,2017,2018,2019,2020,2021,,,,,,,,,,,,,,,,,,,,,,,,,,,,,,,,,,,,
CDEA2,2006,2007,2008,2009,2010,2011,2012,2013,2014,2015,2016,2017,2018,2019,2020,2021,,,,,,,,,,,,,,,,,,,,,,,,,,,,,,,,,,
CDRF1,1995,1996,1997,1998,1999,2000,2001,2002,2003,2004,2005,2006,2007,2008,2009,2010,2011,2012,2013,2014,2015,2016,2017,2018,2019,2020,2021,,,,,,,,,,,,,,,,,,,,,,,
CECC1,2005,2006,2007,2008,2009,2010,2011,2012,2013,2014,2015,2016,2017,2018,2019,2020,2021,,,,,,,,,,,,,,,,,,,,,,,,,,,,,,,,,
CFWM1,2011,2012,2013,2014,2015,2016,2017,2018,2019,2020,2021,,,,,,,,,,,,,,,,,,,,,,,,,,,,,,,,,,,,,,,
CHAO3,2005,2006,2007,2008,2009,2010,2011,2012,2013,2014,2015,2016,2017,2018,2019,2020,2021,,,,,,,,,,,,,,,,,,,,,,,,,,,,,,,,,
CHAV3,2005,2006,2007,2008,2009,2010,2011,2012,2013,2014,2015,2016,2017,2018,2019,2020,2021,,,,,,,,,,,,,,,,,,,,,,,,,,,,,,,,,
CHCM2,2005,2006,2007,2008,2009,2010,2011,2012,2013,2014,2015,2016,2017,2018,2019,2020,2021,,,,,,,,,,,,,,,,,,,,,,,,,,,,,,,,,
CHDS1,2008,2009,2010,2011,2012,2013,2014,2015,2016,2017,2018,2019,2020,2021,,,,,,,,,,,,,,,,,,,,,,,,,,,,,,,,,,,,
CHII2,2005,2006,2007,2008,2009,2010,2011,2012,2013,2014,2015,2016,2017,2018,2019,2020,2021,,,,,,,,,,,,,,,,,,,,,,,,,,,,,,,,,
CHLV2,1984,1985,1986,1987,1988,1989,1990,1991,1992,1993,1994,1995,1996,1997,1998,1999,2000,2001,2002,2003,2004,2005,2006,2007,2008,2009,2010,2011,2012,2013,2014,2015,2016,,,,,,,,,,,,,,,,,
CHSV3,2008,2009,2010,2011,2012,2013,2014,2015,2016,2017,2018,2019,2020,2021,,,,,,,,,,,,,,,,,,,,,,,,,,,,,,,,,,,,
CHYV2,2006,2007,2008,2009,2010,2011,2012,2013,2014,2015,2016,2017,2018,2019,2020,2021,,,,,,,,,,,,,,,,,,,,,,,,,,,,,,,,,,
CHYW1,2005,2006,2007,2008,2009,2010,2011,2012,2013,2014,2015,2016,2017,2018,2019,2020,2021,,,,,,,,,,,,,,,,,,,,,,,,,,,,,,,,,
CLBP4,2009,2010,2011,2012,2013,2016,2017,2018,2019,2020,2021,,,,,,,,,,,,,,,,,,,,,,,,,,,,,,,,,,,,,,,
CLKN7,1984,1985,1986,1987,1988,1989,1990,1991,1992,1993,1994,1995,1996,1997,1998,1999,2000,2001,2002,2003,2004,2005,2006,2007,2008,2009,2010,2011,2012,2013,2014,2015,2016,2017,2018,2019,2020,2021,,,,,,,,,,,,
CLSM4,2007,2008,2009,2010,2011,2012,2013,2014,2015,2016,2017,2018,2019,2020,2021,,,,,,,,,,,,,,,,,,,,,,,,,,,,,,,,,,,
CMAN4,2004,2005,2006,2007,2008,2009,2010,2011,2012,2013,2014,2015,2016,2017,2018,2019,2020,2021,,,,,,,,,,,,,,,,,,,,,,,,,,,,,,,,
CMTI2,2004,2005,2006,2007,2008,2009,2010,2011,2012,2013,2014,2015,2016,2017,2018,2019,2020,2021,,,,,,,,,,,,,,,,,,,,,,,,,,,,,,,,
CNDO1,2006,2007,2008,2009,2010,2011,2012,2013,2014,2015,2016,2017,2018,2019,2020,2021,,,,,,,,,,,,,,,,,,,,,,,,,,,,,,,,,,
CNII2,2012,2013,2014,2015,2016,2017,2018,2019,2020,2021,,,,,,,,,,,,,,,,,,,,,,,,,,,,,,,,,,,,,,,,
COVM2,2006,2007,2008,2009,2010,2011,2012,2013,2014,2015,2016,2017,2018,2019,2020,2021,,,,,,,,,,,,,,,,,,,,,,,,,,,,,,,,,,
CPTR1,2004,2005,2006,2007,2008,2009,2010,2011,2012,2013,2014,2015,2016,2017,2018,2019,2020,2021,,,,,,,,,,,,,,,,,,,,,,,,,,,,,,,,
CPXC1,2007,2008,2009,2010,2012,2013,2014,2015,2016,2017,2018,2019,2020,2021,,,,,,,,,,,,,,,,,,,,,,,,,,,,,,,,,,,,
CRTA1,2011,2012,2013,2014,2015,2016,2017,2018,2019,2020,2021,,,,,,,,,,,,,,,,,,,,,,,,,,,,,,,,,,,,,,,
CRVA2,2010,2011,2012,2013,2014,2015,2016,2017,2018,2019,2020,2021,,,,,,,,,,,,,,,,,,,,,,,,,,,,,,,,,,,,,,
CRYV2,2006,2007,2008,2009,2010,2011,2012,2013,2014,2015,2016,2017,2018,2019,2020,2021,,,,,,,,,,,,,,,,,,,,,,,,,,,,,,,,,,
CSBF1,1983,1984,1985,1986,1987,1988,1989,1990,1991,1992,1993,1994,1995,1996,1997,1998,1999,2000,2001,2002,2003,,,,,,,,,,,,,,,,,,,,,,,,,,,,,
CSPA2,2006,2007,2008,2009,2010,2011,2012,2013,2014,2015,2016,2017,2018,2019,2020,2021,,,,,,,,,,,,,,,,,,,,,,,,,,,,,,,,,,
CWBF1,2005,2006,2007,2008,2009,2010,2011,2012,2013,2014,2015,2016,2017,2018,2019,2020,2021,,,,,,,,,,,,,,,,,,,,,,,,,,,,,,,,,
DBLN6,1983,1984,1985,1986,1987,1988,1989,1990,1991,1992,1993,1994,1995,1996,1997,1998,1999,2000,2001,2002,2003,2004,2005,2006,2007,2008,2009,2010,2011,2012,2013,2014,2015,2016,2017,2018,2019,2020,2021,,,,,,,,,,,
DELD1,2006,2007,2008,2009,2010,2011,2012,2013,2014,2015,2016,2017,2018,2019,2020,2021,,,,,,,,,,,,,,,,,,,,,,,,,,,,,,,,,,
DESW1,1984,1985,1986,1987,1988,1989,1990,1991,1992,1993,1994,1995,1996,1997,1998,1999,2000,2001,2002,2003,2004,2005,2006,2007,2008,2009,2010,2011,2012,2013,2014,2015,2016,2017,2018,2019,2020,2021,,,,,,,,,,,,
DISW3,1983,1984,1985,1986,1987,1988,1989,1990,1991,1992,1993,1994,1995,1996,1997,1998,1999,2000,2001,2002,2003,2004,2005,2006,2007,2008,2009,2010,2011,2012,2013,2014,2015,2016,2017,2018,2019,2020,2021,,,,,,,,,,,
DOMV2,2006,2007,2008,2009,2010,2011,2012,2013,2014,2015,2016,2017,2018,2019,2020,2021,,,,,,,,,,,,,,,,,,,,,,,,,,,,,,,,,,
DPIA1,1987,1988,1989,1990,1991,1992,1993,1994,1995,1996,1997,1998,1999,2000,2001,2002,2003,2004,2005,2006,2007,2008,2009,2010,2011,2012,2013,2014,2015,2016,2017,2018,2019,2020,2021,,,,,,,,,,,,,,,
DTLM4,2004,2005,2006,2007,2008,2009,2010,2011,2012,2013,2014,2015,2016,2017,2018,2019,2020,2021,,,,,,,,,,,,,,,,,,,,,,,,,,,,,,,,
DUKN7,2008,2009,2010,2011,2012,2013,2014,2015,2016,2017,2018,2019,2020,2021,,,,,,,,,,,,,,,,,,,,,,,,,,,,,,,,,,,,
DULM5,2004,2005,2006,2007,2008,2009,2010,2011,2012,2013,2014,2015,2016,2017,2018,2019,2020,2021,,,,,,,,,,,,,,,,,,,,,,,,,,,,,,,,
ELFA2,2008,2009,2010,2011,2012,2013,2014,2015,2016,2017,2018,2019,2020,2021,,,,,,,,,,,,,,,,,,,,,,,,,,,,,,,,,,,,
EPTT2,2007,2008,2009,2010,2011,2012,2013,2014,2015,2016,2017,2018,2019,2020,2021,,,,,,,,,,,,,,,,,,,,,,,,,,,,,,,,,,,
EREP1,2014,2015,2016,2017,2018,2019,2020,2021,,,,,,,,,,,,,,,,,,,,,,,,,,,,,,,,,,,,,,,,,,
EROA2,2006,2007,2008,2009,2010,2011,2012,2013,2014,2015,2016,2017,2018,2019,2020,2021,,,,,,,,,,,,,,,,,,,,,,,,,,,,,,,,,,
FAIO1,2009,2010,2011,2012,2013,2014,2015,2016,2017,2018,2019,2020,2021,,,,,,,,,,,,,,,,,,,,,,,,,,,,,,,,,,,,,
FBIS1,1984,1985,1986,1987,1988,1989,1990,1991,1992,1993,1994,1995,1996,1997,1998,1999,2000,2001,2002,2003,2004,2005,2006,2007,2008,2009,2010,2011,2012,2013,2014,2015,2016,2017,2018,2019,2020,2021,,,,,,,,,,,,
FCGT2,2008,2009,2010,2011,2012,2013,2014,2015,2016,2017,2018,2019,2020,,,,,,,,,,,,,,,,,,,,,,,,,,,,,,,,,,,,,
FFIA2,1984,1985,1986,1987,1988,1989,1990,1991,1992,1993,1994,1995,1996,1997,1998,1999,2000,2001,2002,2003,2004,2005,2006,2007,2008,2009,2010,2011,2012,2013,2014,2015,2016,2017,2018,2019,2020,2021,,,,,,,,,,,,
FHPF1,2005,2006,2007,2008,2010,2011,2012,2013,2014,2015,2016,2017,2018,2019,2020,2021,,,,,,,,,,,,,,,,,,,,,,,,,,,,,,,,,,
FILA2,2003,2004,2005,2006,2007,2008,2009,2010,2011,2012,2013,2014,2015,2016,2017,2018,2019,2020,2021,,,,,,,,,,,,,,,,,,,,,,,,,,,,,,,
FMOA1,2008,2009,2010,2011,2012,2013,2014,2015,2016,2017,2018,2019,2020,2021,,,,,,,,,,,,,,,,,,,,,,,,,,,,,,,,,,,,
FMRF1,2005,2006,2007,2008,2009,2010,2011,2012,2013,2014,2015,2016,2017,2018,2019,2020,2021,,,,,,,,,,,,,,,,,,,,,,,,,,,,,,,,,
FOXR1,2004,2005,2006,2007,2008,2009,2010,2011,2012,2013,2014,2015,2016,2017,2018,2019,2020,2021,,,,,,,,,,,,,,,,,,,,,,,,,,,,,,,,
FPKG1,2005,2006,2007,2008,2009,2010,2011,2012,2013,2014,2015,2016,2017,2018,2019,2020,2021,,,,,,,,,,,,,,,,,,,,,,,,,,,,,,,,,
FPSN7,1984,1985,1986,1987,1988,1989,1990,1991,1992,1993,1994,1995,1996,1997,1998,1999,2000,2001,2002,2003,2004,2005,2006,2007,2008,,,,,,,,,,,,,,,,,,,,,,,,,
FPTM4,2006,2007,2008,2009,2010,2011,2012,2013,2014,2015,2016,2017,2018,2019,2020,2021,,,,,,,,,,,,,,,,,,,,,,,,,,,,,,,,,,
FRDF1,2005,2006,2007,2008,2009,2010,2011,2012,2013,2014,2015,2016,2017,2018,2019,2020,2021,,,,,,,,,,,,,,,,,,,,,,,,,,,,,,,,,
FRDW1,2005,2006,2007,2008,2009,2010,2011,2012,2013,2014,2015,2016,2017,2018,2019,2020,2021,,,,,,,,,,,,,,,,,,,,,,,,,,,,,,,,,
FRVM3,2004,2005,2006,2007,2008,2009,2010,2011,2012,2013,2014,2015,2016,2017,2018,2019,2020,2021,,,,,,,,,,,,,,,,,,,,,,,,,,,,,,,,
FRWL1,2009,2010,2011,2012,2013,2014,2015,2016,2017,2018,2019,2020,2021,,,,,,,,,,,,,,,,,,,,,,,,,,,,,,,,,,,,,
FSKM2,2005,2006,2007,2008,2009,2010,2011,2012,2013,2014,2015,2016,2017,2018,2019,2020,2021,,,,,,,,,,,,,,,,,,,,,,,,,,,,,,,,,
FSTI2,2011,2012,2013,2014,2015,2016,2017,2018,2019,2020,2021,,,,,,,,,,,,,,,,,,,,,,,,,,,,,,,,,,,,,,,
FTGM4,2004,2005,2006,2007,2008,2009,2010,2011,2012,2013,2014,2015,2016,2017,2018,2019,2020,2021,,,,,,,,,,,,,,,,,,,,,,,,,,,,,,,,
FTPC1,2005,2006,2007,2008,2009,2010,2011,2012,2013,2014,2015,2016,2017,2018,2019,2020,2021,,,,,,,,,,,,,,,,,,,,,,,,,,,,,,,,,
FWYF1,1991,1992,1993,1994,1995,1996,1997,1998,1999,2000,2001,2002,2003,2004,2005,2006,2007,2008,2009,2010,2011,2012,2013,2014,2015,2016,2017,2018,2019,2020,2021,,,,,,,,,,,,,,,,,,,
GDIL1,1984,1985,1986,1987,1988,1989,1990,1991,1992,1993,1994,1995,1996,1997,1998,1999,2000,2001,2002,2003,2004,2005,,,,,,,,,,,,,,,,,,,,,,,,,,,,
GDMM5,2004,2005,2006,2007,2008,2009,2010,2011,2012,2013,2014,2015,2016,2017,2018,2019,2020,2021,,,,,,,,,,,,,,,,,,,,,,,,,,,,,,,,
GELO1,2007,2008,2009,2010,2011,2012,2013,2014,2015,2016,2017,2019,2020,2021,,,,,,,,,,,,,,,,,,,,,,,,,,,,,,,,,,,,
GISL1,2005,2006,2007,2008,2009,2010,2011,2012,2013,2014,2015,2016,2017,2018,2019,2020,2021,,,,,,,,,,,,,,,,,,,,,,,,,,,,,,,,,
GLLN6,1983,1984,1985,1986,1987,1988,1989,1990,1991,1992,1993,1994,1995,1996,1997,1998,1999,2000,2001,2002,,,,,,,,,,,,,,,,,,,,,,,,,,,,,,
GRMM4,2006,2007,2008,2009,2010,2011,2012,2014,2015,2016,2017,2018,2019,2020,2021,,,,,,,,,,,,,,,,,,,,,,,,,,,,,,,,,,,
GSLM4,2005,2006,2007,2008,2009,2010,2011,2012,2013,2014,2015,2016,2017,2018,2019,2020,2021,,,,,,,,,,,,,,,,,,,,,,,,,,,,,,,,,
GTLM4,2006,2007,2008,2009,2010,2011,2012,2013,2014,2015,2016,2017,2018,2019,2020,2021,,,,,,,,,,,,,,,,,,,,,,,,,,,,,,,,,,
GTOT2,2005,2006,2007,2008,2009,2013,2014,2015,2016,2017,2018,2019,2020,2021,,,,,,,,,,,,,,,,,,,,,,,,,,,,,,,,,,,,
GTRM4,2007,2008,2009,2010,2011,2012,2013,2014,2015,2016,2017,2018,2019,2020,2021,,,,,,,,,,,,,,,,,,,,,,,,,,,,,,,,,,,
HBYC1,2005,2006,2007,2008,2009,2010,2011,2012,2013,2014,2015,2016,2017,2018,2019,2020,2021,,,,,,,,,,,,,,,,,,,,,,,,,,,,,,,,,
HCGN7,2010,2011,2012,2013,2014,2015,2016,2017,2018,2019,2020,2021,,,,,,,,,,,,,,,,,,,,,,,,,,,,,,,,,,,,,,
HHLO1,2007,2008,2009,2010,2011,2012,2013,2014,2015,2016,2017,2018,2019,2020,2021,,,,,,,,,,,,,,,,,,,,,,,,,,,,,,,,,,,
HLNM4,2010,2011,2012,2013,2014,2015,2016,2017,2018,2019,2020,2021,,,,,,,,,,,,,,,,,,,,,,,,,,,,,,,,,,,,,,
HRBM4,2004,2005,2006,2007,2008,2009,2010,2011,2012,2013,2014,2015,2016,2017,2018,2019,2020,2021,,,,,,,,,,,,,,,,,,,,,,,,,,,,,,,,
ICAC1,2010,2011,2012,2013,2014,2015,2016,2017,2018,2019,2020,2021,,,,,,,,,,,,,,,,,,,,,,,,,,,,,,,,,,,,,,
ILOH1,2008,2009,2010,2011,2012,2013,2014,2015,2016,2017,2018,2019,2020,2021,,,,,,,,,,,,,,,,,,,,,,,,,,,,,,,,,,,,
IOSN3,1984,1985,1986,1987,1988,1989,1990,1991,1992,1993,1994,1995,1996,1997,1998,1999,2000,2001,2002,2003,2004,2005,2006,2007,2008,2009,2010,2011,2012,2013,2014,2015,2016,2017,2018,2019,2020,2021,,,,,,,,,,,,
JMLA2,2013,2014,2015,2016,2017,2018,2019,2020,2021,,,,,,,,,,,,,,,,,,,,,,,,,,,,,,,,,,,,,,,,,
JMPN7,2006,2007,2008,2009,2010,2011,2012,2013,2014,2015,2016,2017,2018,2019,2020,2021,,,,,,,,,,,,,,,,,,,,,,,,,,,,,,,,,,
JNEA2,2009,2010,2011,2012,2013,2014,2015,2016,2017,2018,2019,2020,2021,,,,,,,,,,,,,,,,,,,,,,,,,,,,,,,,,,,,,
KDAA2,2010,2011,2012,2013,2014,2015,2016,2017,2018,2019,2020,2021,,,,,,,,,,,,,,,,,,,,,,,,,,,,,,,,,,,,,,
KECA2,2009,2010,2011,2012,2013,2014,2015,2016,2017,2018,2019,2020,2021,,,,,,,,,,,,,,,,,,,,,,,,,,,,,,,,,,,,,
KGCA2,2008,2009,2010,2011,2012,2013,2014,2015,2016,2017,2018,2019,2020,2021,,,,,,,,,,,,,,,,,,,,,,,,,,,,,,,,,,,,
KLIH1,2005,2006,2007,2008,2009,2010,2011,2012,2013,2014,2015,2016,2017,2018,2019,2020,2021,,,,,,,,,,,,,,,,,,,,,,,,,,,,,,,,,
KNSW3,2005,2006,2007,2008,2009,2010,2011,2012,2013,2014,2015,2016,2017,2018,2019,2020,2021,,,,,,,,,,,,,,,,,,,,,,,,,,,,,,,,,
KPTN6,2004,2005,2006,2007,2008,2009,2010,2011,2012,2013,2014,2015,2016,2017,2018,2019,2020,2021,,,,,,,,,,,,,,,,,,,,,,,,,,,,,,,,
KPTV2,2005,2006,2007,2008,2009,2010,2011,2012,2013,2014,2015,2016,2017,2018,2019,2020,2021,,,,,,,,,,,,,,,,,,,,,,,,,,,,,,,,,
KTNF1,1995,1996,1997,1998,1999,2000,2001,2002,2003,2004,2005,2006,2007,2008,2009,2010,2011,2012,2013,2014,2015,2016,2017,2018,2019,2020,2021,,,,,,,,,,,,,,,,,,,,,,,
KWHH1,2012,2013,2014,2015,2016,2017,2018,2019,2020,2021,,,,,,,,,,,,,,,,,,,,,,,,,,,,,,,,,,,,,,,,
KWJP8,2006,2007,2008,2009,2010,2011,2012,2013,2014,2015,2016,2017,2018,2019,2020,2021,,,,,,,,,,,,,,,,,,,,,,,,,,,,,,,,,,
KWNW3,2006,2007,2008,2009,2010,2011,2012,2013,2014,2015,2016,2017,2018,2019,2020,2021,,,,,,,,,,,,,,,,,,,,,,,,,,,,,,,,,,
KYWF1,2005,2006,2007,2008,2009,2010,2011,2012,2013,2014,2015,2016,2017,2018,2019,2020,2021,,,,,,,,,,,,,,,,,,,,,,,,,,,,,,,,,
LAMV3,2012,2013,2014,2015,2016,2017,2018,2019,2020,2021,,,,,,,,,,,,,,,,,,,,,,,,,,,,,,,,,,,,,,,,
LAPW1,2006,2007,2008,2009,2010,2011,2012,2013,2014,2015,2016,2017,2018,2019,2020,2021,,,,,,,,,,,,,,,,,,,,,,,,,,,,,,,,,,
LCLL1,2009,2010,2011,2012,2013,2014,2015,2016,2017,2018,2019,2020,2021,,,,,,,,,,,,,,,,,,,,,,,,,,,,,,,,,,,,,
LCNA2,2007,2008,2009,2010,2011,2012,2013,2014,2015,2016,2017,2018,2019,2020,2021,,,,,,,,,,,,,,,,,,,,,,,,,,,,,,,,,,,
LDLC3,2004,2005,2006,2007,2008,2009,2010,2011,2012,2013,2014,2015,2016,2017,2018,2019,2020,2021,,,,,,,,,,,,,,,,,,,,,,,,,,,,,,,,
LDTM4,2004,2005,2006,2007,2008,2009,2010,2011,2012,2013,2014,2015,2016,2017,2018,2019,2020,2021,,,,,,,,,,,,,,,,,,,,,,,,,,,,,,,,
LJAC1,2005,2006,2007,2008,2009,2010,2011,2012,2013,2014,2015,2016,2017,2018,2019,2020,2021,,,,,,,,,,,,,,,,,,,,,,,,,,,,,,,,,
LJPC1,2005,2006,2007,2008,2009,2010,2011,2012,2013,2014,2015,2016,2017,2018,2019,2020,2021,,,,,,,,,,,,,,,,,,,,,,,,,,,,,,,,,
LKWF1,1984,1985,1986,1987,1988,1989,1990,1991,1993,1994,1995,1996,1997,1998,1999,2000,2001,2002,2003,2004,2006,2007,2008,2009,2010,2011,2012,2013,2014,2015,2016,2017,2018,2019,2020,2021,,,,,,,,,,,,,,
LMFS1,2007,2008,2009,2010,2011,2012,2013,2014,2015,2016,2017,2018,2019,2020,2021,,,,,,,,,,,,,,,,,,,,,,,,,,,,,,,,,,,
LONF1,1992,1993,1994,1995,1996,1997,1998,1999,2000,2001,2002,2003,2004,2005,2006,2007,2008,2009,2010,2011,2012,2013,2014,2015,2016,2017,2018,2019,2020,2021,,,,,,,,,,,,,,,,,,,,
LOPL1,2011,2012,2013,2014,2015,2016,2017,2018,2019,2020,2021,,,,,,,,,,,,,,,,,,,,,,,,,,,,,,,,,,,,,,,
